<?xml version="1.0" encoding="UTF-8"?>
<Scheme
   LastUpgradeVersion = "1130"
   version = "1.7">
   <BuildAction
      parallelizeBuildables = "YES"
      buildImplicitDependencies = "YES">
      <BuildActionEntries>
         <BuildActionEntry
            buildForTesting = "YES"
            buildForRunning = "YES"
            buildForProfiling = "YES"
            buildForArchiving = "YES"
            buildForAnalyzing = "YES">
            <BuildableReference
               BuildableIdentifier = "primary"
               BlueprintIdentifier = "554BF56E240C80F600A720EC"
               BuildableName = "Swift5.app"
               BlueprintName = "Swift5"
               ReferencedContainer = "container:Swift5.xcodeproj">
            </BuildableReference>
         </BuildActionEntry>
      </BuildActionEntries>
   </BuildAction>
   <TestAction
      buildConfiguration = "Debug"
      selectedDebuggerIdentifier = "Xcode.DebuggerFoundation.Debugger.LLDB"
      selectedLauncherIdentifier = "Xcode.DebuggerFoundation.Launcher.LLDB"
      shouldUseLaunchSchemeArgsEnv = "YES"
      codeCoverageEnabled = "YES">
      <Testables>
         <TestableReference
            skipped = "NO">
            <BuildableReference
               BuildableIdentifier = "primary"
               BlueprintIdentifier = "554BF584240C80F800A720EC"
               BuildableName = "Swift5Tests.xctest"
               BlueprintName = "Swift5Tests"
               ReferencedContainer = "container:Swift5.xcodeproj">
            </BuildableReference>
         </TestableReference>
         <TestableReference
            skipped = "NO">
            <BuildableReference
               BuildableIdentifier = "primary"
               BlueprintIdentifier = "554BF58F240C80F800A720EC"
               BuildableName = "Swift5UITests.xctest"
               BlueprintName = "Swift5UITests"
               ReferencedContainer = "container:Swift5.xcodeproj">
            </BuildableReference>
            <SkippedTests>
               <Test
                  Identifier = "Swift5UITests/testExample()">
               </Test>
            </SkippedTests>
         </TestableReference>
      </Testables>
   </TestAction>
   <LaunchAction
      buildConfiguration = "Debug"
      selectedDebuggerIdentifier = "Xcode.DebuggerFoundation.Debugger.LLDB"
      selectedLauncherIdentifier = "Xcode.DebuggerFoundation.Launcher.LLDB"
      launchStyle = "0"
      useCustomWorkingDirectory = "NO"
      ignoresPersistentStateOnLaunch = "NO"
      debugDocumentVersioning = "YES"
      debugServiceExtension = "internal"
      allowLocationSimulation = "YES">
      <BuildableProductRunnable
         runnableDebuggingMode = "0">
         <BuildableReference
            BuildableIdentifier = "primary"
            BlueprintIdentifier = "554BF56E240C80F600A720EC"
            BuildableName = "Swift5.app"
            BlueprintName = "Swift5"
            ReferencedContainer = "container:Swift5.xcodeproj">
         </BuildableReference>
      </BuildableProductRunnable>
      <LocationScenarioReference
         identifier = "London, England"
         referenceType = "1">
      </LocationScenarioReference>
   </LaunchAction>
   <ProfileAction
      buildConfiguration = "Release"
      shouldUseLaunchSchemeArgsEnv = "YES"
      savedToolIdentifier = ""
      useCustomWorkingDirectory = "NO"
      debugDocumentVersioning = "YES">
      <BuildableProductRunnable
         runnableDebuggingMode = "0">
         <BuildableReference
            BuildableIdentifier = "primary"
            BlueprintIdentifier = "554BF56E240C80F600A720EC"
            BuildableName = "Swift5.app"
            BlueprintName = "Swift5"
            ReferencedContainer = "container:Swift5.xcodeproj">
         </BuildableReference>
      </BuildableProductRunnable>
   </ProfileAction>
   <AnalyzeAction
      buildConfiguration = "Debug">
   </AnalyzeAction>
   <ArchiveAction
      buildConfiguration = "Release"
      revealArchiveInOrganizer = "YES">
   </ArchiveAction>
</Scheme>
