<?xml version="1.0" encoding="UTF-8"?>
<Bucket
   uuid = "DB29DD57-957C-4FAC-A72E-C0E21949E5AD"
   type = "1"
   version = "2.0">
   <Breakpoints>
      <BreakpointProxy
         BreakpointExtensionID = "Xcode.Breakpoint.FileBreakpoint">
         <BreakpointContent
            uuid = "D76B442A-3F84-440C-8A71-71523A7F84F6"
            shouldBeEnabled = "Yes"
            ignoreCount = "0"
            continueAfterRunningActions = "Yes"
            filePath = "Swift5/ViewController.swift"
            startingColumnNumber = "9223372036854775807"
            endingColumnNumber = "9223372036854775807"
            startingLineNumber = "60"
            endingLineNumber = "60"
            landmarkName = "getButtonTapped(_:)"
            landmarkType = "7">
            <Actions>
               <BreakpointActionProxy
                  ActionExtensionID = "Xcode.BreakpointAction.Log">
                  <ActionContent
                     message = "&gt;&gt;&gt;&gt;&gt;&gt;&gt;&gt;&gt;"
                     conveyanceType = "0">
                  </ActionContent>
               </BreakpointActionProxy>
               <BreakpointActionProxy
                  ActionExtensionID = "Xcode.BreakpointAction.DebuggerCommand">
                  <ActionContent
                     consoleCommand = "">
                  </ActionContent>
               </BreakpointActionProxy>
               <BreakpointActionProxy
                  ActionExtensionID = "Xcode.BreakpointAction.Log">
                  <ActionContent
                     message = "&lt;&lt;&lt;&lt;&lt;&lt;&lt;&lt;&lt;&lt;&lt;&lt;&lt;&lt;"
                     conveyanceType = "0">
                  </ActionContent>
               </BreakpointActionProxy>
            </Actions>
         </BreakpointContent>
      </BreakpointProxy>
      <BreakpointProxy
         BreakpointExtensionID = "Xcode.Breakpoint.FileBreakpoint">
         <BreakpointContent
            uuid = "C2E88B12-B616-4AE8-AF41-2DBDBBC926CE"
            shouldBeEnabled = "Yes"
            ignoreCount = "0"
            continueAfterRunningActions = "Yes"
            filePath = "Swift5/ViewController.swift"
            startingColumnNumber = "9223372036854775807"
            endingColumnNumber = "9223372036854775807"
            startingLineNumber = "80"
            endingLineNumber = "80"
            landmarkName = "getQuakes()"
            landmarkType = "7">
            <Actions>
               <BreakpointActionProxy
                  ActionExtensionID = "Xcode.BreakpointAction.DebuggerCommand">
                  <ActionContent
                     consoleCommand = "po quakes.features.first?.properties.title">
                  </ActionContent>
               </BreakpointActionProxy>
            </Actions>
         </BreakpointContent>
      </BreakpointProxy>
   </Breakpoints>
</Bucket>
