<?xml version="1.0" encoding="UTF-8"?>
<Bucket
   uuid = "DB29DD57-957C-4FAC-A72E-C0E21949E5AD"
   type = "1"
   version = "2.0">
   <Breakpoints>
      <BreakpointProxy
         BreakpointExtensionID = "Xcode.Breakpoint.FileBreakpoint">
         <BreakpointContent
            uuid = "C2E88B12-B616-4AE8-AF41-2DBDBBC926CE"
            shouldBeEnabled = "Yes"
            ignoreCount = "0"
            continueAfterRunningActions = "Yes"
            filePath = "Swift5/ViewController.swift"
            startingColumnNumber = "9223372036854775807"
            endingColumnNumber = "9223372036854775807"
            startingLineNumber = "83"
            endingLineNumber = "83"
            landmarkName = "getQuakes()"
            landmarkType = "7">
            <Actions>
               <BreakpointActionProxy
                  ActionExtensionID = "Xcode.BreakpointAction.DebuggerCommand">
                  <ActionContent
                     consoleCommand = "po quakes.features.first?.properties.title">
                  </ActionContent>
               </BreakpointActionProxy>
            </Actions>
         </BreakpointContent>
      </BreakpointProxy>
      <BreakpointProxy
         BreakpointExtensionID = "Xcode.Breakpoint.FileBreakpoint">
         <BreakpointContent
            uuid = "0FFCF5D4-F708-4205-BA99-6B58D05771D5"
            shouldBeEnabled = "Yes"
            ignoreCount = "0"
            continueAfterRunningActions = "No"
            filePath = "Swift5UITests/Swift5UITests.swift"
            startingColumnNumber = "9223372036854775807"
            endingColumnNumber = "9223372036854775807"
            startingLineNumber = "32"
            endingLineNumber = "32"
            landmarkName = "testExample()"
            landmarkType = "7">
         </BreakpointContent>
      </BreakpointProxy>
   </Breakpoints>
</Bucket>
