{
    "type": "FeatureCollection",
    "metadata": {
        "generated": 1584141878000,
        "url": "https://earthquake.usgs.gov/earthquakes/feed/v1.0/summary/2.5_hour.geojson",
        "title": "USGS Magnitude 2.5+ Earthquakes, Past Hour",
        "status": 200,
        "api": "1.8.1",
        "count": 4
    },
    "features": [
        {
            "type": "Feature",
            "properties": {
                "mag": 3.2,
                "place": "128km NW of Talkeetna, Alaska",
                "time": 1584141652218,
                "updated": 1584141833172,
                "tz": -540,
                "url": "https://earthquake.usgs.gov/earthquakes/eventpage/ak0203d41pea",
                "detail": "https://earthquake.usgs.gov/earthquakes/feed/v1.0/detail/ak0203d41pea.geojson",
                "felt": null,
                "cdi": null,
                "mmi": null,
                "alert": null,
                "status": "automatic",
                "tsunami": 0,
                "sig": 158,
                "net": "ak",
                "code": "0203d41pea",
                "ids": ",ak0203d41pea,",
                "sources": ",ak,",
                "types": ",geoserve,origin,",
                "nst": null,
                "dmin": null,
                "rms": 1.06,
                "gap": null,
                "magType": "ml",
                "type": "earthquake",
                "title": "M 3.2 - 128km NW of Talkeetna, Alaska"
            },
            "geometry": {
                "type": "Point",
                "coordinates": [
                    -151.609,
                    63.2538,
                    0
                ]
            },
            "id": "ak0203d41pea"
        },
        {
            "type": "Feature",
            "properties": {
                "mag": 3.4,
                "place": "54km S of Redoubt Volcano, Alaska",
                "time": 1584140074973,
                "updated": 1584141332712,
                "tz": -540,
                "url": "https://earthquake.usgs.gov/earthquakes/eventpage/ak0203d3niq0",
                "detail": "https://earthquake.usgs.gov/earthquakes/feed/v1.0/detail/ak0203d3niq0.geojson",
                "felt": 1,
                "cdi": 2.2,
                "mmi": null,
                "alert": null,
                "status": "automatic",
                "tsunami": 0,
                "sig": 178,
                "net": "ak",
                "code": "0203d3niq0",
                "ids": ",ak0203d3niq0,us60008fdj,",
                "sources": ",ak,us,",
                "types": ",dyfi,geoserve,origin,phase-data,",
                "nst": null,
                "dmin": null,
                "rms": 0.7,
                "gap": null,
                "magType": "ml",
                "type": "earthquake",
                "title": "M 3.4 - 54km S of Redoubt Volcano, Alaska"
            },
            "geometry": {
                "type": "Point",
                "coordinates": [
                    -152.8648,
                    60.0485,
                    106.3
                ]
            },
            "id": "ak0203d3niq0"
        },
        {
            "type": "Feature",
            "properties": {
                "mag": 4,
                "place": "48km WSW of Goldfield, Nevada",
                "time": 1584139049787,
                "updated": 1584141479581,
                "tz": -480,
                "url": "https://earthquake.usgs.gov/earthquakes/eventpage/nn00718984",
                "detail": "https://earthquake.usgs.gov/earthquakes/feed/v1.0/detail/nn00718984.geojson",
                "felt": 2,
                "cdi": 3.4,
                "mmi": 3.55,
                "alert": "green",
                "status": "reviewed",
                "tsunami": 0,
                "sig": 247,
                "net": "nn",
                "code": "00718984",
                "ids": ",nn00718984,nc73353610,us60008fda,",
                "sources": ",nn,nc,us,",
                "types": ",dyfi,focal-mechanism,geoserve,losspager,origin,phase-data,scitech-link,shakemap,",
                "nst": 16,
                "dmin": 0.252,
                "rms": 0.1742,
                "gap": 34.16,
                "magType": "ml",
                "type": "earthquake",
                "title": "M 4.0 - 48km WSW of Goldfield, Nevada"
            },
            "geometry": {
                "type": "Point",
                "coordinates": [
                    -117.7428,
                    37.5417,
                    5.8
                ]
            },
            "id": "nn00718984"
        },
        {
            "type": "Feature",
            "properties": {
                "mag": 2.66,
                "place": "13km S of Tallaboa, Puerto Rico",
                "time": 1584138586700,
                "updated": 1584140875181,
                "tz": -240,
                "url": "https://earthquake.usgs.gov/earthquakes/eventpage/pr2020073028",
                "detail": "https://earthquake.usgs.gov/earthquakes/feed/v1.0/detail/pr2020073028.geojson",
                "felt": null,
                "cdi": null,
                "mmi": null,
                "alert": null,
                "status": "reviewed",
                "tsunami": 0,
                "sig": 109,
                "net": "pr",
                "code": "2020073028",
                "ids": ",pr2020073028,us60008fd7,",
                "sources": ",pr,us,",
                "types": ",geoserve,origin,phase-data,",
                "nst": 8,
                "dmin": 0.1746,
                "rms": 0.13,
                "gap": 217,
                "magType": "md",
                "type": "earthquake",
                "title": "M 2.7 - 13km S of Tallaboa, Puerto Rico"
            },
            "geometry": {
                "type": "Point",
                "coordinates": [
                    -66.7301,
                    17.8843,
                    5
                ]
            },
            "id": "pr2020073028"
        }
    ],
    "bbox": [
        -152.8648,
        17.8843,
        0,
        -66.7301,
        63.2538,
        106.3
    ]
}